{
  "has_aes_sbox": 1,
  "has_aes_invsbox": 0,
  "has_aes_rcon": 1,
  "has_des_sbox": 0,
  "has_chacha_const": 0,
  "has_sha1_k": 0,
  "has_sha256_k": 0,
  "has_md5_t": 0,
  "rsa_bigint_detected": 1,
  "file_size": 461064,
  "entropy_full": 6.379201019671024,
  "entropy_mean": 5.394233486849786,
  "entropy_max": 7.182034441533339,
  "entropy_min": 0.881075276643118,
  "op_xor": 383,
  "op_and": 742,
  "op_or": 663,
  "op_shift": 1483,
  "op_load": 19925,
  "op_store": 8613,
  "op_add": 9546,
  "op_sub": 2705,
  "op_mul": 120,
  "op_table_lookup": 19925,
  "num_functions": 902,
  "num_basic_blocks": 18705,
  "loop_count": 5959
}